<?xml version="1.0" encoding="UTF-8" standalone="yes"?>
<addon id="plugin.video.ht" name="HOME THEATER" version="0.0.6" provider-name="talkingbyte">
<requires>
<import addon="xbmc.python" version="2.7.0"/>
<import addon="script.module.requests" />
<import addon="script.module.futures" />
<import addon="script.module.beautifulsoup4" version="4.6.2"/>
</requires>
<extension point="xbmc.python.pluginsource" library="addon.py">
<provides>video</provides>
</extension>
<extension point="xbmc.python.module" library="lib" />
<extension point="xbmc.addon.metadata">
<platform>all</platform>
<summary lang="en">Kodi video addon for testing purpose</summary>
<description lang="en">Use this addon for stream video from different links</description>
<license>GNU General Public License, v2</license>
<language>en</language>
<forum></forum>
<source></source>
<website></website>
<email></email>
<assets>
<icon>resources/icon.png</icon>
<fanart>resources/fanart.jpg</fanart>
<screenshot></screenshot>
<screenshot></screenshot>
<screenshot></screenshot>
</assets>
<news>
</news>
</extension>
</addon>
